{
  "config": {
    "seed": 1422,
    "img_size": 28,
    "test_size": 0.2,
    "val_size": 0.25,
    "n_queries": 75,
    "n_repeats": 3,
    "committee_size": 5,
    "samples_per_class": 1,
    "base_model": "RandomForestClassifier",
    "query_strategy": "vote_entropy_sampling",
    "implementation_source": "ActiveLearning_exercise8_modAL_solution.ipynb"
  },
  "random": {
    "query_ids": [
      1,
      2,
      3,
      4,
      5,
      6,
      7,
      8,
      9,
      10,
      11,
      12,
      13,
      14,
      15,
      16,
      17,
      18,
      19,
      20,
      21,
      22,
      23,
      24,
      25,
      26,
      27,
      28,
      29,
      30,
      31,
      32,
      33,
      34,
      35,
      36,
      37,
      38,
      39,
      40,
      41,
      42,
      43,
      44,
      45,
      46,
      47,
      48,
      49,
      50,
      51,
      52,
      53,
      54,
      55,
      56,
      57,
      58,
      59,
      60,
      61,
      62,
      63,
      64,
      65,
      66,
      67,
      68,
      69,
      70,
      71,
      72,
      73,
      74,
      75
    ],
    "mean_accuracy": [
      0.12152777777777778,
      0.11111111111111112,
      0.11458333333333333,
      0.11458333333333333,
      0.10069444444444446,
      0.11111111111111112,
      0.1111111111111111,
      0.09375,
      0.1111111111111111,
      0.13888888888888887,
      0.13194444444444445,
      0.12847222222222224,
      0.15625,
      0.14583333333333334,
      0.16666666666666666,
      0.1597222222222222,
      0.13541666666666666,
      0.14930555555555555,
      0.14930555555555555,
      0.16319444444444445,
      0.16319444444444445,
      0.1597222222222222,
      0.17361111111111113,
      0.17013888888888887,
      0.15625,
      0.16319444444444442,
      0.16319444444444445,
      0.19444444444444442,
      0.1875,
      0.18055555555555555,
      0.17361111111111113,
      0.19444444444444445,
      0.19791666666666666,
      0.1527777777777778,
      0.20138888888888887,
      0.20486111111111108,
      0.20138888888888887,
      0.19791666666666666,
      0.17013888888888887,
      0.16319444444444445,
      0.21180555555555558,
      0.17013888888888887,
      0.17708333333333334,
      0.16319444444444442,
      0.1909722222222222,
      0.20486111111111113,
      0.19097222222222224,
      0.21180555555555555,
      0.19097222222222224,
      0.1909722222222222,
      0.1875,
      0.22569444444444442,
      0.1840277777777778,
      0.16666666666666666,
      0.17361111111111113,
      0.19791666666666666,
      0.22916666666666666,
      0.21180555555555558,
      0.1909722222222222,
      0.23958333333333334,
      0.21180555555555555,
      0.23611111111111113,
      0.21875,
      0.2222222222222222,
      0.22569444444444445,
      0.22569444444444445,
      0.23611111111111113,
      0.22916666666666666,
      0.2569444444444445,
      0.20138888888888892,
      0.23958333333333334,
      0.2465277777777778,
      0.19791666666666666,
      0.21527777777777776,
      0.20138888888888892
    ],
    "std_accuracy": [
      0.029869184955009124,
      0.017704928866641607,
      0.01473139127471974,
      0.025515518153991446,
      0.04280843057617345,
      0.035409857733283236,
      0.012991865926298408,
      0.00850517271799715,
      0.02598373185259682,
      0.0322000642204712,
      0.0322000642204712,
      0.021404215288086722,
      0.0170103454359943,
      0.01701034543599429,
      0.04419417382415922,
      0.009820927516479817,
      0.01473139127471974,
      0.01770492886664161,
      0.021404215288086725,
      0.040193878134688284,
      0.025983731852596816,
      0.017704928866641618,
      0.029869184955009127,
      0.02455231879119957,
      0.02250257186947174,
      0.025983731852596816,
      0.009820927516479831,
      0.004910463758239909,
      0.03897559777889522,
      0.04364515656241853,
      0.025983731852596816,
      0.027340305118096566,
      0.02250257186947173,
      0.021404215288086725,
      0.021404215288086715,
      0.06874649261535878,
      0.0049104637582399226,
      0.05311478659992482,
      0.02455231879119957,
      0.019641855032959663,
      0.034373246307679406,
      0.025983731852596816,
      0.04500514373894348,
      0.025983731852596812,
      0.004910463758239909,
      0.04364515656241852,
      0.02455231879119957,
      0.0322000642204712,
      0.012991865926298408,
      0.004910463758239909,
      0.0170103454359943,
      0.025983731852596826,
      0.029869184955009117,
      0.04252586358998573,
      0.04983576421669209,
      0.022502571869471733,
      0.03066583634141613,
      0.034373246307679406,
      0.034373246307679406,
      0.029462782549439494,
      0.04195502074164781,
      0.01770492886664162,
      0.0,
      0.025983731852596816,
      0.009820927516479831,
      0.02734030511809657,
      0.0049104637582399226,
      0.022502571869471744,
      0.01770492886664161,
      0.02734030511809657,
      0.03897559777889522,
      0.042808430576173444,
      0.01473139127471974,
      0.012991865926298408,
      0.01770492886664161
    ]
  },
  "qbc": {
    "query_ids": [
      1,
      2,
      3,
      4,
      5,
      6,
      7,
      8,
      9,
      10,
      11,
      12,
      13,
      14,
      15,
      16,
      17,
      18,
      19,
      20,
      21,
      22,
      23,
      24,
      25,
      26,
      27,
      28,
      29,
      30,
      31,
      32,
      33,
      34,
      35,
      36,
      37,
      38,
      39,
      40,
      41,
      42,
      43,
      44,
      45,
      46,
      47,
      48,
      49,
      50,
      51,
      52,
      53,
      54,
      55,
      56,
      57,
      58,
      59,
      60,
      61,
      62,
      63,
      64,
      65,
      66,
      67,
      68,
      69,
      70,
      71,
      72,
      73,
      74,
      75
    ],
    "mean_accuracy": [
      0.18055555555555555,
      0.1423611111111111,
      0.1597222222222222,
      0.13541666666666666,
      0.13888888888888887,
      0.1597222222222222,
      0.16666666666666666,
      0.15972222222222224,
      0.15972222222222224,
      0.16319444444444445,
      0.1527777777777778,
      0.19444444444444445,
      0.18055555555555555,
      0.18055555555555558,
      0.16319444444444445,
      0.18402777777777776,
      0.19791666666666666,
      0.1875,
      0.18402777777777776,
      0.19097222222222224,
      0.19791666666666666,
      0.21875,
      0.17708333333333334,
      0.19791666666666666,
      0.21180555555555555,
      0.20833333333333334,
      0.21875,
      0.23958333333333334,
      0.22222222222222224,
      0.21875,
      0.22569444444444445,
      0.23263888888888892,
      0.21527777777777776,
      0.21875,
      0.22916666666666666,
      0.21875,
      0.23611111111111113,
      0.21875,
      0.24305555555555555,
      0.2604166666666667,
      0.2743055555555556,
      0.2673611111111111,
      0.2569444444444444,
      0.2638888888888889,
      0.2708333333333333,
      0.2881944444444444,
      0.27777777777777773,
      0.2916666666666667,
      0.2986111111111111,
      0.2951388888888889,
      0.2986111111111111,
      0.2743055555555555,
      0.2881944444444445,
      0.29513888888888884,
      0.2743055555555556,
      0.3020833333333333,
      0.3020833333333333,
      0.30902777777777773,
      0.30902777777777773,
      0.31597222222222227,
      0.2881944444444445,
      0.3194444444444445,
      0.3020833333333333,
      0.3194444444444444,
      0.3263888888888889,
      0.3055555555555556,
      0.3194444444444444,
      0.3333333333333333,
      0.34375,
      0.3368055555555555,
      0.32638888888888884,
      0.36111111111111116,
      0.34375,
      0.3333333333333333,
      0.3298611111111111
    ],