{
  "config": {
    "seed": 1422,
    "img_size": 105,
    "test_size": 0.2,
    "val_size": 0.25,
    "n_queries": 20,
    "n_repeats": 1,
    "committee_size": 3,
    "epochs_per_fit": 3,
    "batch_size": 16,
    "learning_rate": 0.001,
    "dropout": 0.2,
    "samples_per_class": 1,
    "base_model": "CNN",
    "query_strategy": "vote_entropy_sampling"
  },
  "random": {
    "query_ids": [
      1,
      2,
      3,
      4,
      5,
      6,
      7,
      8,
      9,
      10,
      11,
      12,
      13,
      14,
      15,
      16,
      17,
      18,
      19,
      20
    ],
    "mean_accuracy": [
      0.041666666666666664,
      0.041666666666666664,
      0.08333333333333333,
      0.09375,
      0.13541666666666666,
      0.10416666666666667,
      0.15625,
      0.14583333333333334,
      0.15625,
      0.1875,
      0.22916666666666666,
      0.1875,
      0.23958333333333334,
      0.1875,
      0.1875,
      0.2708333333333333,
      0.22916666666666666,
      0.23958333333333334,
      0.21875,
      0.2708333333333333
    ],
    "std_accuracy": [
      0.0,
      0.0,
      0.0,
      0.0,
      0.0,
      0.0,
      0.0,
      0.0,
      0.0,
      0.0,
      0.0,
      0.0,
      0.0,
      0.0,
      0.0,
      0.0,
      0.0,
      0.0,
      0.0,
      0.0
    ]
  },
  "qbc": {
    "query_ids": [
      1,
      2,
      3,
      4,
      5,
      6,
      7,
      8,
      9,
      10,
      11,
      12,
      13,
      14,
      15,
      16,
      17,
      18,
      19,
      20
    ],
    "mean_accuracy": [
      0.041666666666666664,
      0.10416666666666667,
      0.10416666666666667,
      0.041666666666666664,
      0.14583333333333334,
      0.19791666666666666,
      0.19791666666666666,
      0.19791666666666666,
      0.15625,
      0.15625,
      0.20833333333333334,
      0.2604166666666667,
      0.22916666666666666,
      0.23958333333333334,
      0.2708333333333333,
      0.2604166666666667,
      0.2708333333333333,
      0.23958333333333334,
      0.22916666666666666,
      0.25
    ],
    "std_accuracy": [
      0.0,
      0.0,
      0.0,
      0.0,
      0.0,
      0.0,
      0.0,
      0.0,
      0.0,
      0.0,
      0.0,
      0.0,
      0.0,
      0.0,
      0.0,
      0.0,
      0.0,
      0.0,
      0.0,
      0.0
    ]
  },
  "final_test_accuracy": {
    "random_mean": 0.2708333333333333,
    "qbc_mean": 0.2604166666666667
  },
  "report_notes": {
    "final_random_validation_accuracy": 0.2708333333333333,
    "final_qbc_validation_accuracy": 0.25,
    "final_random_test_accuracy": 0.2708333333333333,
    "final_qbc_test_accuracy": 0.2604166666666667,
    "best_qbc_minus_random_gap_on_validation": 0.09374999999999999,
    "qbc_wins_final_round_on_validation": false
  },
  "queried_labels_first_repeat": [
    13,
    14,
    18,
    18,
    17,
    20,
    19,
    22,
    3,
    9,
    15,
    17,
    7,
    0,
    13
  ]
}